NaN,NaN,NaN,NaN,NaN,NaN,NaN,NaN,NaN,NaN
0,0,0,0,0.01,180,1,0,0,1
0.01,0.00039423455941538,0,0,0.01,180,1,0,0.5,1
0.02,0.0015534737869497,0,0.00118243875262231,0.01,180,1,0,0.5,1
0.03,0.0034422011747548,0,0.0046593774264642,0.01,180,1,0,0.5,1
0.04,0.00602443828598469,0,0.0103242903650749,0.01,180,1,0,0.00505983695744593,1
0.05,0.00926387184122377,0,0.0180692664354259,0.01,180,1,0,0.0103387826039539,1
0.06,0.0131239757968602,0,0.027785390201794,0.01,180,1,0,0.0182569870550754,1
0.07,0.0175681282940186,0,0.0393631080788452,0.01,180,1,0,0.0292848450634585,1
0.08,0.0225597233774006,0,0.0526925790998423,0.01,180,1,0,0.0438669629451348,1
0.09,0.0280623290159484,0,0.0676640099980921,0.01,180,1,0,0.0623953242024482,1
0.1,0.0340399511498677,0,0.0838437250221414,0.01,180,1,0,0.0836363677243202,1
0.11,0.0404569853812282,0,0.10141963269697,0.01,180,1,0,0.108797128695514,1
0.12,0.0472782947378353,0,0.120232017501978,0.01,180,1,0,0.137674716543059,1
0.13,0.0544694308114311,0,0.140028749926628,0.01,180,1,0,0.169127435558495,1
0.14,0.0619968023603161,0,0.160603747718448,0.01,180,1,0,0.201940625772167,1
0.15,0.0698274843821933,0,0.182140769325532,0.01,180,1,0,0.23798603935015,1
0.16,0.0779293552923197,0,0.20444815940245,0.01,180,1,0,0.276229904674794,1
0.17,0.086271401969531,0,0.227132192554183,0.01,180,1,0,0.313407042524439,1
0.18,0.094823590992361,0,0.25035263852189,0.01,180,1,0,0.35156882143637,1
0.19,0.103556858888057,0,0.273949561456952,0.01,180,1,0,0.389499827122884,1
0.2,0.112443373416515,0,0.29776799162747,0.01,180,1,0,0.426193234540851,1
0.21,0.121456267837497,0,0.322004374649648,0.01,180,1,0,0.464278631780575,1
0.22,0.130569916908236,0,0.346067421275804,0.01,180,1,0,0.498059866926858,1
0.23,0.139759951557986,0,0.370237903500192,0.01,180,1,0,0.531119859088346,1
0.24,0.149003030031012,0,0.394490932727884,0.01,180,1,0,0.563713808545095,1
0.25,0.158277128118963,0,0.418502054794865,0.01,180,1,0,0.593197405250941,1
0.26,0.167561300787253,0,0.442535773497562,0.01,180,1,0,0.622693832118524,1
0.27,0.176835893958576,0,0.466123306923426,0.01,180,1,0,0.64800926044949,1
0.28,0.186082463129856,0,0.489540868195518,0.01,180,1,0,0.672491400832373,1
0.29,0.195283570712844,0,0.51281055269756,0.01,180,1,0,0.69674752601844,1
0.3,0.204423064876493,0,0.535558905877741,0.01,180,1,0,0.71764003094799,1
0.31,0.213485891140656,0,0.557994004497605,0.01,180,1,0,0.737557768048845,1
0.32,0.222458065326797,0,0.579966729331636,0.01,180,1,0,0.755505108767756,1
0.33,0.231326782352632,0,0.601516657155578,0.01,180,1,0,0.772254307910515,1
0.34,0.240080124601798,0,0.622818095116171,0.01,180,1,0,0.789356739772071,1
0.35,0.248707285346968,0,0.643397050527235,0.01,180,1,0,0.803201916588949,1
0.36,0.257198505103754,0,0.663522457985272,0.01,180,1,0,0.816249472557866,1
0.37,0.26554486061247,0,0.683293667584116,0.01,180,1,0,0.829394031869749,1
0.38,0.273738453234208,0,0.702347491797871,0.01,180,1,0,0.840057348873232,1
0.39,0.281772163995997,0,0.72105257491237,0.01,180,1,0,0.851093942285232,1
0.4,0.289639666599406,0,0.739300333515764,0.01,180,1,0,0.861764822940401,1
0.41,0.297335656526649,0,0.756735524917184,0.01,180,1,0,0.869752171375817,1
0.42,0.304855492391272,0,0.773790626665323,0.01,180,1,0,0.878082535932743,1
0.43,0.31219518917,0,0.79045535297252,0.01,180,1,0,0.886663917574221,1
0.44,0.319351551130754,0,0.806385442609729,0.01,180,1,0,0.893351464833011,1
0.45,0.326322012114842,0,0.821899959013191,0.01,180,1,0,0.900182761630536,1
0.46,0.33310457807651,0,0.836943641687979,0.01,180,1,0,0.906802506889768,1
0.47,0.339697897535701,0,0.851379195589929,0.01,180,1,0,0.912412310816035,1
0.48,0.346101296977261,0,0.865247471917692,0.01,180,1,0,0.917275505823998,1
0.49,0.352314502716236,0,0.878716273701414,0.01,180,1,0,0.922323095697206,1
0.5,0.358337672893658,0,0.891785025276805,0.01,180,1,0,0.927502464005818,1
0.51,0.36417143566945,0,0.904287757219296,0.01,180,1,0,0.931892733294071,1
0.52,0.369816955876134,0,0.916287334947666,0.01,180,1,0,0.935819814680896,1
0.53,0.375275735016057,0,0.927840285684442,0.01,180,1,0,0.939550631254329,1
0.54,0.380549637590525,0,0.938977243215479,0.01,180,1,0,0.94320164188504,1
0.55,0.385640845877813,0,0.949703569300351,0.01,180,1,0,0.946756172251504,1
0.56,0.390551957576471,0,0.959858335319069,0.01,180,1,0,0.949395164390919,1
0.57,0.395285821428966,0,0.969653886272305,0.01,180,1,0,0.952119469222669,1
0.58,0.399845497023565,0,0.979095904173359,0.01,180,1,0,0.954902413233097,1
0.59,0.404234238902802,0,0.988190491582015,0.01,180,1,0,0.957721140993951,1
0.6,0.408455506873965,0,0.996944139907795,0.01,180,1,0,0.960555846787374,1
0.61,0.412513017881847,0,1.00521247743663,0.01,180,1,0,0.962709512871115,1
0.62,0.41641071423589,0,1.01310011655186,0.01,180,1,0,0.964622777015925,1
0.63,0.420152694900759,0,1.02063652760524,0.01,180,1,0,0.966384776280045,1
0.64,0.42374315877505,0,1.0278718537781,0.01,180,1,0,0.968169899640914,1
0.65,0.427186392867818,0,1.03481421387264,0.01,180,1,0,0.969965130894222,1
0.66,0.430486760117522,0,1.04147189705753,0.01,180,1,0,0.971759325366019,1
0.67,0.433648710607674,0,1.04785333931511,0.01,180,1,0,0.973542790130467,1
0.68,0.43667683221555,0,1.05383087141965,0.01,180,1,0,0.974739419821769,1
0.69,0.439575770208428,0,1.05955278287793,0.01,180,1,0,0.975932470621225,1
0.7,0.44235018879348,0,1.06503059013478,0.01,180,1,0,0.97712542924033,1
0.71,0.445004762068043,0,1.07027310663431,0.01,180,1,0,0.978311451112877,1
0.72,0.447544164932642,0,1.07528916450895,0.01,180,1,0,0.979484729490679,1
0.73,0.449973064430705,0,1.08008759740884,0.01,180,1,0,0.98064037093274,1
0.74,0.452296111510832,0,1.08467722413744,0.01,180,1,0,0.981774286774124,1
0.75,0.454517933206918,0,1.08906683308555,0.01,180,1,0,0.982883098216293,1
0.76,0.456643128505823,0,1.09326516745495,0.01,180,1,0,0.983964029405331,1
0.77,0.458676279896329,0,1.09726331902611,0.01,180,1,0,0.984946128941792,1
0.78,0.460622000932594,0,1.10098809050993,0.01,180,1,0,0.985511107454234,1
0.79,0.462484858804092,0,1.10455015345387,0.01,180,1,0,0.986056906784335,1
0.8,0.464269353138757,0,1.10796051746301,0.01,180,1,0,0.986591309491285,1
0.81,0.465979911576537,0,1.11122742007891,0.01,180,1,0,0.987112219413535,1
0.82,0.46762088524944,0,1.11435896705358,0.01,180,1,0,0.987617936367583,1
0.83,0.469196544611278,0,1.11736312407469,0.01,180,1,0,0.988107110955153,1
0.84,0.470711075608071,0,1.12024770913107,0.01,180,1,0,0.988578704577618,1
0.85,0.47216857617992,0,1.12302038550172,0.01,180,1,0,0.989031954017233,1
0.86,0.473573053084965,0,1.12568865535181,0.01,180,1,0,0.989466340028809,1
0.87,0.474928419035942,0,1.12825985391822,0.01,180,1,0,0.989881559462112,1
0.88,0.476238490139709,0,1.13074114426739,0.01,180,1,0,0.990277500489596,1
0.89,0.477506983630057,0,1.1331395126078,0.01,180,1,0,0.990654220589967,1
0.9,0.478737515884033,0,1.13546176413944,0.01,180,1,0,0.991011926955974,1
0.91,0.479933600711953,0,1.1377145194222,0.01,180,1,0,0.991350959051085,1
0.92,0.481098647911274,0,1.1399042112454,0.01,180,1,0,0.991671773072923,1
0.93,0.482235962825475,0,1.14203708198036,0.01,180,1,0,0.991974923196204,1
0.94,0.483348752962939,0,1.14411524064742,0.01,180,1,0,0.992246756839782,1
0.95,0.4844401494907,0,1.1461053324515,0.01,180,1,0,0.99234666392809,1
0.96,0.485513179299246,0,1.14805716434844,0.01,180,1,0,0.992435227171235,1
0.97,0.486570758715248,0,1.14997614956913,0.01,180,1,0,0.992512817373437,1
0.98,0.487615693620423,0,1.15186750361434,0.01,180,1,0,0.992579887060637,1
0.99,0.488650679757587,0,1.15373624446724,0.01,180,1,0,0.992636962071631,1
1,0.489678303214557,0,1.15558719314082,0.01,180,1,0,0.992684633982189,1
1.01,0.490701041076663,0,1.15742497454322,0.01,180,1,0,0.99272355325554,1
1.02,0.491721262238798,0,1.15925401864469,0.01,180,1,0,0.99275442302473,1
1.03,0.49274122836806,0,1.16107856192986,0.01,180,1,0,0.99277799341766,1
1.04,0.493763095008221,0,1.16290264911931,0.01,180,1,0,0.992795056357759,1
1.05,0.494788912817406,0,1.16473013514474,0.01,180,1,0,0.992806440767781,1
1.06,0.495820628930542,0,1.16656468736246,0.01,180,1,0,0.992813008122497,1
1.07,0.496860088438324,0,1.16840978798994,0.01,180,1,0,0.992815648297324,1
1.08,0.49790903597463,0,1.17026873675078,0.01,180,1,0,0.992815275672325,1
1.09,0.498969117404491,0,1.17214465371359,0.01,180,1,0,0.992812825451652,1
1.1,0.500041881604946,0,1.17404048231074,0.01,180,1,0,0.992809250168022,1
1.11,0.501128782331286,0,1.1759589925232,0.01,180,1,0,0.992805516343449,1
1.12,0.502231180161413,0,1.17790278421807,0.01,180,1,0,0.992802601286255,1
1.13,0.503350344511229,0,1.1798742906259,0.01,180,1,0,0.992801490006142,1
1.14,0.504487458017817,0,1.18187578194489,0.01,180,1,0,0.99280315858527,1
1.15,0.505643624825213,0,1.18389541176967,0.01,180,1,0,0.992761690264267,1
1.16,0.506819870672663,0,1.1859454564576,0.01,180,1,0,0.992713026587725,1
1.17,0.508017137667136,0,1.18803110407855,0.01,180,1,0,0.992669481789763,1
1.18,0.509236293696585,0,1.19015402511932,0.01,180,1,0,0.99263197607219,1
1.19,0.510478152115365,0,1.19227596701662,0.01,180,1,0,0.992469913372136,1
1.2,0.511743469976185,0,1.19442637620768,0.01,180,1,0,0.992277904502462,1
1.21,0.513032927244414,0,1.19661740790371,0.01,180,1,0,0.992092837789655,1
1.22,0.514347131044727,0,1.19885023953665,0.01,180,1,0,0.991915627276337,1
1.23,0.515686618067144,0,1.20112592240708,0.01,180,1,0,0.991747185276421,1
1.24,0.517051856978745,0,1.20344538585055,0.01,180,1,0,0.991588419202028,1
1.25,0.518443250836717,0,1.20580944141365,0.01,180,1,0,0.991440228498953,1
1.26,0.519861139498601,0,1.20821878703254,0.01,180,1,0,0.991303501701065,1
1.27,0.521305802025786,0,1.2106740112065,0.01,180,1,0,0.991179113610153,1
1.28,0.522777459076519,0,1.21317559715983,0.01,180,1,0,0.991067922609976,1
1.29,0.52427627528486,0,1.21572392698563,0.01,180,1,0,0.990970768118415,1
1.3,0.525802361622245,0,1.21831928576517,0.01,180,1,0,0.990888468190832,1
1.31,0.527355777738478,0,1.22096186565724,0.01,180,1,0,0.990821817271613,1
1.32,0.528936534279147,0,1.22365176995179,0.01,180,1,0,0.990771584110714,1
1.33,0.530544595176691,0,1.22638901708277,0.01,180,1,0,0.990738509836993,1
1.34,0.532179879912456,0,1.22917354459539,0.01,180,1,0,0.990723306202524,1
1.35,0.533842265747306,0,1.23200521306308,0.01,180,1,0,0.990726653994113,1
1.36,0.535531595826256,0,1.23488380995004,0.01,180,1,0,0.990749171083084,1
1.37,0.537247693490618,0,1.23777306920131,0.01,180,1,0,0.990682401689813,1
1.38,0.538990394490641,0,1.24067476245398,0.01,180,1,0,0.990534688932681,1
1.39,0.540759493069362,0,1.24362143841433,0.01,180,1,0,0.990406624392013,1
1.4,0.542554749596607,0,1.24661274917465,0.01,180,1,0,0.990298819397793,1
1.41,0.544375892560579,0,1.24964828955216,0.01,180,1,0,0.990211851123205,1
1.42,0.546222620518221,0,1.25272760045645,0.01,180,1,0,0.9901462616195,1
1.43,0.548094604003089,0,1.25585017218735,0.01,180,1,0,0.990102557033747,1
1.44,0.549991487389569,0,1.25901544766085,0.01,180,1,0,0.990081207001709,1
1.45,0.551912891978486,0,1.26222282556128,0.01,180,1,0,0.990082638101751,1
1.46,0.553858422464246,0,1.26546388919855,0.01,180,1,0,0.990084834782698,1
1.47,0.55582768227553,0,1.26872480498584,0.01,180,1,0,0.990050771483869,1
1.48,0.557820255523574,0,1.27202549364371,0.01,180,1,0,0.990040394598088,1
1.49,0.559835707773835,0,1.27536525809842,0.01,180,1,0,0.990054026085341,1
1.5,0.561873591647518,0,1.2787433701915,0.01,180,1,0,0.990091932602973,1
1.51,0.563933461738365,0,1.28213453354249,0.01,180,1,0,0.990085659451579,1
1.52,0.566014915112583,0,1.2855048000438,0.01,180,1,0,0.989944129185773,1
1.53,0.568117534618351,0,1.28891038013952,0.01,180,1,0,0.989827549324004,1
1.54,0.570240888956,0,1.29235059130466,0.01,180,1,0,0.989736153415587,1
1.55,0.572384534033471,0,1.29582472786618,0.01,180,1,0,0.989670141027024,1
1.56,0.574548014278332,0,1.29933206322067,0.01,180,1,0,0.989629678222456,1
1.57,0.57673086390631,0,1.30287185198108,0.01,180,1,0,0.989614898145436,1
1.58,0.578932608146352,0,1.3064433320522,0.01,180,1,0,0.98962590169558,1
1.59,0.581152764422329,0,1.31004572663506,0.01,180,1,0,0.989662758287976,1
1.6,0.58339084349151,0,1.31367824616036,0.01,180,1,0,0.989725506689583,1
1.61,0.585646350540045,0,1.31734009015123,0.01,180,1,0,0.989814155922091,1
1.62,0.587918786235728,0,1.32103044901556,0.01,180,1,0,0.989928686223484,1
1.63,0.590207661322617,0,1.32474850576854,0.01,180,1,0,0.990068993623172,1
1.64,0.592512535181187,0,1.32841163544772,0.01,180,1,0,0.990023483676362,1
1.65,0.59483298638515,0,1.3320924799092,0.01,180,1,0,0.989984152930202,1
1.66,0.597168587808812,0,1.33579820112708,0.01,180,1,0,0.989971301148565,1
1.67,0.599518908835643,0,1.33952811698886,0.01,180,1,0,0.989984840738997,1
1.68,0.601883519930702,0,1.34328153980727,0.01,180,1,0,0.99002464684528,1
1.69,0.604262002351691,0,1.34703526244981,0.01,180,1,0,0.990034172685477,1
1.7,0.606653953904263,0,1.35079967325801,0.01,180,1,0,0.990041746175992,1
1.71,0.609058968704708,0,1.35458540158533,0.01,180,1,0,0.99007559156147,1
1.72,0.611476639813,0,1.35839180504192,0.01,180,1,0,0.99013553468453,1
1.73,0.613906559911241,0,1.36221823956605,0.01,180,1,0,0.990221383939485,1
1.74,0.616348329042602,0,1.36606406049798,0.01,180,1,0,0.990332904425474,1
1.75,0.618801570150373,0,1.36988585860905,0.01,180,1,0,0.990366625169444,1
1.76,0.621265974346384,0,1.37367438511363,0.01,180,1,0,0.990303237365187,1
1.77,0.62374122484842,0,1.37748015071286,0.01,180,1,0,0.990266275415168,1
1.78,0.626227003450973,0,1.38130266620176,0.01,180,1,0,0.990255500927867,1
1.79,0.628722991071967,0,1.38514144017732,0.01,180,1,0,0.990270664500112,1
1.8,0.631228868275058,0,1.38899597988289,0.01,180,1,0,0.990311506334931,1
1.81,0.633744315767848,0,1.39286579201471,0.01,180,1,0,0.990377756866905,1
1.82,0.636269014876408,0,1.39675038349132,0.01,180,1,0,0.990469137389916,1
1.83,0.638802647996514,0,1.40064926218635,0.01,180,1,0,0.990585360683401,1
1.84,0.641344899022,0,1.40456193762539,0.01,180,1,0,0.990726131638931,1
1.85,0.64389546176541,0,1.40848792164744,0.01,180,1,0,0.990891120457673,1
1.86,0.6464540556403,0,1.41237849845305,0.01,180,1,0,0.990971195628294,1
1.87,0.64902047121864,0,1.41623342581621,0.01,180,1,0,0.990968200490565,1
1.88,0.651594492437034,0,1.42010013781583,0.01,180,1,0,0.990990127554722,1
1.89,0.654175910759447,0,1.4239616664243,0.01,180,1,0,0.990999806745479,1
1.9,0.656764542466371,0,1.42781529690982,0.01,180,1,0,0.990992228276149,1
1.91,0.659360199651086,0,1.43167969578502,0.01,180,1,0,0.991009248035268,1
1.92,0.661962693023464,0,1.43555458253628,0.01,180,1,0,0.991050542393161,1
1.93,0.664571832250983,0,1.43943967458474,0.01,180,1,0,0.991115786677651,1
1.94,0.6671874262852,0,1.44333468779543,0.01,180,1,0,0.991204655354557,1
1.95,0.669809283673873,0,1.44723933696464,0.01,180,1,0,0.991316822214355,1
1.96,0.672437226194252,0,1.45115333628584,0.01,180,1,0,0.991451919161705,1
1.97,0.675071124364943,0,1.45499629678342,0.01,180,1,0,0.991440460387207,1
1.98,0.677710881130041,0,1.45883113452131,0.01,180,1,0,0.99141734872553,1
1.99,0.680356392949542,0,1.46267450211018,0.01,180,1,0,0.991417894874273,1
2,0.683004049633036,0,1.46652624880045,0.01,180,1,0,0.99145226502984,1
2.01,0.685636813343281,0,1.4703811183166,0.01,180,1,0,0.991559642520888,1
2.02,0.688235049969739,0,1.4742143043309,0.01,180,1,0,0.991745389276055,1
2.03,0.690780099620998,0,1.47799722045802,0.01,180,1,0,0.992003646055412,1
2.04,0.693254257239478,0,1.48170269873203,0.01,180,1,0,0.992328320136274,1
2.05,0.695640752772559,0,1.48530496138227,0.01,180,1,0,0.992713178118905,1
2.06,0.697923730949206,0,1.48877959196344,0.01,180,1,0,0.993151933366607,1
2.07,0.700088242476305,0,1.49210350591122,0.01,180,1,0,0.993638293999811,1
2.08,0.702120253480222,0,1.49518656510199,0.01,180,1,0,0.994029646179226,1
2.09,0.704006604489984,0,1.49806597865447,0.01,180,1,0,0.99443587627542,1
2.1,0.705734973293383,0,1.50071905136841,0.01,180,1,0,0.994844254275471,1
2.11,0.707293836821602,0,1.50314992880756,0.01,180,1,0,0.995293024442197,1
2.12,0.708672447678946,0,1.50534240426418,0.01,180,1,0,0.995777898522416,1
2.13,0.709860812348501,0,1.50728136198194,0.01,180,1,0,0.996294929622486,1
2.14,0.710849669389731,0,1.508952746503,0.01,180,1,0,0.996840563544056,1
2.15,0.711630467658342,0,1.51034353200395,0.01,180,1,0,0.997411685922234,1
2.16,0.712195344577243,0,1.51144169166291,0.01,180,1,0,0.998005665855025,1
2.17,0.712537104486061,0,1.51223616709856,0.01,180,1,0,0.998620396718515,1
2.18,0.712649197095198,0.712593150790629,1.51271683791969,0.01,180,1,0,0.999254334876953,1
2.19,0.712525697327898,0.712593150790629,1.51287449142172,0.01,180,0,1,0.947301599977487,1
2.2,0.712161505001651,0.712593150790629,1.51250407511166,0.01,180,0,1,0.948594483948331,1
2.21,0.711552435646202,0.712593150790629,1.51141174287017,0.01,180,0,1,0.94993659608435,1
2.22,0.710695218795996,0.712593150790629,1.50958494409843,0.01,180,0,1,0.951322423886699,1
2.23,0.709587464496455,0.712593150790629,1.50701386959753,0.01,180,0,1,0.952745931830832,1
2.24,0.708227628810921,0.712593150790629,1.5036913511098,0.01,180,0,1,0.954200560451172,1
2.25,0.706614978476332,0.712593150790629,1.49961275786278,0.01,180,0,1,0.955679234209168,1
2.26,0.704749554851189,0.712593150790629,1.49477589056004,0.01,180,0,1,0.957174377718922,1
2.27,0.702632137294713,0.712593150790629,1.48918087324928,0.01,180,0,1,0.95867793979716,1
2.28,0.700264206111194,0.712593150790629,1.48283004348445,0.01,180,0,1,0.960181424712726,1
2.29,0.697647905188481,0.712593150790629,1.47572784118365,0.01,180,0,1,0.961675929935734,1
2.3,0.694786004454405,0.712593150790629,1.46788069656973,0.01,180,0,1,0.963152189628227,1
2.31,0.691681862269622,0.712593150790629,1.45929691756479,0.01,180,0,1,0.964600623076275,1
2.32,0.68833938786994,0.712593150790629,1.44998657699399,0.01,180,0,1,0.966011387237371,1
2.33,0.684763003965763,0.712593150790629,1.43996139993775,0.01,180,0,1,0.967374432566005,1
2.34,0.680957609600716,0.712593150790629,1.4292346515552,0.01,180,0,1,0.968679561282973,1
2.35,0.67692854336598,0.712593150790629,1.41782102568507,0.01,180,0,1,0.969916487269558,1
2.36,0.672681547061241,0.712593150790629,1.40573653451337,0.01,180,0,1,0.971074896793971,1
2.37,0.668222729887598,0.712593150790629,1.39299839958067,0.01,180,0,1,0.972144509313592,1
2.38,0.66355849533632,0.712593150790629,1.37962494438488,0.01,180,0,1,0.973115342201696,1
2.39,0.658695399091509,0.712593150790629,1.36586887158913,0.01,180,0,1,0.974402081708389,1
2.4,0.653640168313016,0.712593150790629,1.35156998673195,0.01,180,0,1,0.975671046758516,1
2.41,0.648399771366944,0.712593150790629,1.3367061717488,0.01,180,0,1,0.976836030739122,1
2.42,0.642981379647438,0.712593150790629,1.32129791561615,0.01,180,0,1,0.977886989015087,1
2.43,0.637392337430263,0.712593150790629,1.30536630427062,0.01,180,0,1,0.978814162674019,1
2.44,0.631640114092562,0.712593150790629,1.28893293196989,0.01,180,0,1,0.979608225409344,1
2.45,0.625732222634582,0.712593150790629,1.27213279940951,0.01,180,0,1,0.980469056436658,1
2.46,0.619676214731528,0.712593150790629,1.25488614993293,0.01,180,0,1,0.981201485783601,1
2.47,0.613479626967832,0.712593150790629,1.2373479464133,0.01,180,0,1,0.982044151105489,1
2.48,0.607149783798893,0.712593150790629,1.2196185114186,0.01,180,0,1,0.983138463600759,1
2.49,0.600694048198829,0.712593150790629,1.2015078112607,0.01,180,0,1,0.984085659626122,1
2.5,0.594119787758051,0.712593150790629,1.18303691259372,0.01,180,0,1,0.984877730798641,1
2.51,0.587434353891686,0.712593150790629,1.1642268952797,0.01,180,0,1,0.985507135325619,1
2.52,0.580645062072849,0.712593150790629,1.14509879290059,0.01,180,0,1,0.985966818077677,1
2.53,0.57375914834908,0.712593150790629,1.12567353620248,0.01,180,0,1,0.986250360008245,1
2.54,0.566783687281676,0.712593150790629,1.10612301324353,0.01,180,0,1,0.986639371509286,1
2.55,0.559725385275442,0.712593150790629,1.08656377576758,0.01,180,0,1,0.987316449298309,1
2.56,0.552590843623478,0.712593150790629,1.06677952334345,0.01,180,0,1,0.987830958364792,1
2.57,0.545386465343324,0.712593150790629,1.04692021958453,0.01,180,0,1,0.988430950707813,1
2.58,0.538118521545607,0.712593150790629,1.02686652256528,0.01,180,0,1,0.988849663791203,1
2.59,0.53079316054262,0.712593150790629,1.00663588819204,0.01,180,0,1,0.989082293321038,1
2.6,0.523416331557524,0.712593150790629,0.986245430556685,0.01,180,0,1,0.989124846226277,1
2.61,0.515993591372158,0.712593150790629,0.966105342703085,0.01,180,0,1,0.989744952721574,1
2.62,0.50853026625971,0.712593150790629,0.945861143064349,0.01,180,0,1,0.990222839766177,1
2.63,0.501031542988433,0.712593150790629,0.925506255277346,0.01,180,0,1,0.990513537758757,1
2.64,0.493502458155678,0.712593150790629,0.905054825327171,0.01,180,0,1,0.990613574987016,1
2.65,0.48594789185688,0.712593150790629,0.884520589634566,0.01,180,0,1,0.990519861355139,1
2.66,0.478372497758447,0.712593150790629,0.863916857789222,0.01,180,0,1,0.990230024029881,1
2.67,0.470780539536136,0.712593150790629,0.843642914849086,0.01,180,0,1,0.990522554402446,1
2.68,0.463175832308335,0.712593150790629,0.823508137896811,0.01,180,0,1,0.990999417312818,1
2.69,0.4555620694194,0.712593150790629,0.803339549064333,0.01,180,0,1,0.991290556076545,1
2.7,0.44794279362618,0.712593150790629,0.783146943540543,0.01,180,0,1,0.991393560539919,1
2.71,0.440321395023081,0.712593150790629,0.762939717138333,0.01,180,0,1,0.991306270828151,1
2.72,0.432701065557329,0.712593150790629,0.742726860791625,0.01,180,0,1,0.991027005669936,1
2.73,0.425084697656202,0.712593150790629,0.722780199522668,0.01,180,0,1,0.991105952617987,1
2.74,0.417474798668956,0.712593150790629,0.702994849878102,0.01,180,0,1,0.991316327976308,1
2.75,0.409873765963002,0.712593150790629,0.683226304795055,0.01,180,0,1,0.991342129238318,1
2.76,0.402283861462931,0.712593150790629,0.663480792012664,0.01,180,0,1,0.991181643499134,1
2.77,0.394707188469718,0.712593150790629,0.643764187424725,0.01,180,0,1,0.990833423823496,1
2.78,0.387145594702881,0.712593150790629,0.624224786762724,0.01,180,0,1,0.990606065984142,1
2.79,0.37960067852199,0.712593150790629,0.60491503481876,0.01,180,0,1,0.990609365860418,1
2.8,0.372073629765181,0.712593150790629,0.585864761270905,0.01,180,0,1,0.990909454485147,1
2.81,0.364565563635314,0.712593150790629,0.566859601453696,0.01,180,0,1,0.99103368320451,1
2.82,0.35707749600662,0.712593150790629,0.547902371159788,0.01,180,0,1,0.990980345174081,1
2.83,0.349610345601488,0.712593150790629,0.528995635385473,0.01,180,0,1,0.990747743202889,1
2.84,0.34216492522575,0.712593150790629,0.510141713826868,0.01,180,0,1,0.990334240939072,1
2.85,0.334741880697649,0.712593150790629,0.4914085509672,0.01,180,0,1,0.989889485683469,1
2.86,0.327341509132813,0.712593150790629,0.473056190985055,0.01,180,0,1,0.990013979825153,1
2.87,0.319964004441417,0.712593150790629,0.454759886490942,0.01,180,0,1,0.98996668283293,1
2.88,0.312609470439241,0.712593150790629,0.436537882021144,0.01,180,0,1,0.989787503678653,1
2.89,0.305277858235274,0.712593150790629,0.418493286911188,0.01,180,0,1,0.989720267482125,1
2.9,0.297969052442989,0.712593150790629,0.400504931199643,0.01,180,0,1,0.98948048544521,1
2.91,0.290682843765438,0.712593150790629,0.382572531781806,0.01,180,0,1,0.989066019700325,1
2.92,0.283418822979969,0.712593150790629,0.364963384353054,0.01,180,0,1,0.989129732373021,1
2.93,0.276176363395455,0.712593150790629,0.347516205955616,0.01,180,0,1,0.989293801781229,1
2.94,0.268954834980174,0.712593150790629,0.330120814596053,0.01,180,0,1,0.989292335614557,1
2.95,0.261753588319634,0.712593150790629,0.312775697024858,0.01,180,0,1,0.989122332546038,1
2.96,0.254571957052317,0.712593150790629,0.29547929343778,0.01,180,0,1,0.988780574407545,1
2.97,0.24740925536025,0.712593150790629,0.278230003326149,0.01,180,0,1,0.988263641736355,1
2.98,0.24026472052708,0.712593150790629,0.261054925533823,0.01,180,0,1,0.987643068719353,1
2.99,0.233137328461017,0.712593150790629,0.244257564009509,0.01,180,0,1,0.987722641756502,1
3,0.226025965162915,0.712593150790629,0.227592930069796,0.01,180,0,1,0.987882912546429,1
3.01,0.218929468399941,0.712593150790629,0.21100356907562,0.01,180,0,1,0.987981027347814,1
3.02,0.211846703014351,0.712593150790629,0.1944488886775,0.01,180,0,1,0.987912805513327,1
3.03,0.204776556071023,0.712593150790629,0.177926240783817,0.01,180,0,1,0.98767352317536,1
3.04,0.197717921495965,0.712593150790629,0.161433029143784,0.01,180,0,1,0.987258191941047,1
3.05,0.190669644943869,0.712593150790629,0.145067486321287,0.01,180,0,1,0.986947617347044,1
3.06,0.183630358684887,0.712593150790629,0.128977035549892,0.01,180,0,1,0.987179961995623,1
3.07,0.17659873129801,0.712593150790629,0.112907108642409,0.01,180,0,1,0.98724601775044,1
3.08,0.169573477032311,0.712593150790629,0.0968546661091073,0.01,180,0,1,0.987139723587158,1
3.09,0.162553356519944,0.712593150790629,0.0808167727200988,0.01,180,0,1,0.986854516814214,1
3.1,0.1555371773522,0.712593150790629,0.0647905991330402,0.01,180,0,1,0.986383298770488,1
3.11,0.14852375726488,0.712593150790629,0.0487734232081968,0.01,180,0,1,0.985718655016345,1
3.12,0.141511829661924,0.712593150790629,0.0329860210506142,0.01,180,0,1,0.985552571751621,1
3.13,0.134499886755358,0.712593150790629,0.0174468714610789,0.01,180,0,1,0.985978622791719,1
3.14,0.127486503419027,0.712593150790629,0.00190768795717389,0.01,180,0,1,0.986234037710872,1
3.15,0.120470324793648,0.712593150790629,-0.0136346876865891,0.01,180,0,1,0.986310367217892,1
3.16,0.113450065906505,0.712593150790629,-0.0291832579771197,0.01,180,0,1,0.986198405493552,1
3.17,0.106424511157896,0.712593150790629,-0.0447408705455388,0.01,180,0,1,0.985888125835439,1
3.18,0.0993924912821793,0.712593150790629,-0.060310219285262,0.01,180,0,1,0.985368777264336,1
3.19,0.092352828726304,0.712593150790629,-0.0757593328164869,0.01,180,0,1,0.985103400123855,1
3.2,0.0853041761754381,0.712593150790629,-0.0910208526776851,0.01,180,0,1,0.985358772097927,1
3.21,0.0782452793848993,0.712593150790629,-0.106301862249648,0.01,180,0,1,0.985416523979754,1
3.22,0.0711749648865955,0.712593150790629,-0.121605080651366,0.01,180,0,1,0.985263906841561,1
3.23,0.0640921278219046,0.712593150790629,-0.136933051883556,0.01,180,0,1,0.98488700315572,1
3.24,0.05699570871209,0.712593150790629,-0.152222995585174,0.01,180,0,1,0.984524584246809,1
3.25,0.049884618765937,0.712593150790629,-0.167485233508122,0.01,180,0,1,0.984145040942121,1
3.26,0.0427577825657987,0.712593150790629,-0.182638633183681,0.01,180,0,1,0.984086003005476,1
3.27,0.0356139668407882,0.712593150790629,-0.197629099575909,0.01,180,0,1,0.984605691037617,1
3.28,0.028452045067611,0.712593150790629,-0.212655280412782,0.01,180,0,1,0.984907456170695,1
3.29,0.0212709809767884,0.712593150790629,-0.22771954520429,0.01,180,0,1,0.98497300447531,1
3.3,0.0140698264274644,0.712593150790629,-0.242824073622079,0.01,180,0,1,0.984781986655988,1
3.31,0.00684771920141732,0.712593150790629,-0.257970859969546,0.01,180,0,1,0.984311428842225,1
3.32,-0.000396146513335924,0.712593150790629,-0.273161717821875,0.01,180,0,1,0.983535879187107,1
3.33,-0.00766257561754531,0.712593150790629,-0.288234402420097,0.01,180,0,1,0.983227088991632,1
3.34,-0.0149525345971922,0.712593150790629,-0.303180858797356,0.01,180,0,1,0.983475633812373,1
3.35,-0.022266878532803,0.712593150790629,-0.318175714223411,0.01,180,0,1,0.983435095725004,1
3.36,-0.0296063999332067,0.712593150790629,-0.333180788429124,0.01,180,0,1,0.983288453149903,1
3.37,-0.0369718895375048,0.712593150790629,-0.348154821274057,0.01,180,0,1,0.983260381256057,1
3.38,-0.044364049526088,0.712593150790629,-0.363181834240829,0.01,180,0,1,0.982886370898571,1
3.39,-0.0517835322735321,0.712593150790629,-0.378263259912256,0.01,180,0,1,0.982124098766007,1
3.4,-0.0592310279827176,0.712593150790629,-0.393181451431311,0.01,180,0,1,0.98228249816993,1
3.41,-0.066707330276964,0.712593150790629,-0.408035995202586,0.01,180,0,1,0.982840343277625,1
3.42,-0.0742131198630448,0.712593150790629,-0.422947995694266,0.01,180,0,1,0.983039506829657,1
3.43,-0.0817489879655448,0.712593150790629,-0.437918810622954,0.01,180,0,1,0.982825381037089,1
3.44,-0.0893154393921785,0.712593150790629,-0.452949619226856,0.01,180,0,1,0.982132089595848,1
3.45,-0.0969128956229146,0.712593150790629,-0.468041428379766,0.01,180,0,1,0.980878927894027,1
3.46,-0.104541750311853,0.712593150790629,-0.483195078752551,0.01,180,0,1,0.978966633990986,1
3.47,-0.112202524704372,0.712593150790629,-0.498096272277483,0.01,180,0,1,0.979020754187401,1
3.48,-0.119895768003366,0.712593150790629,-0.512988696010234,0.01,180,0,1,0.979159432964277,1
3.49,-0.127622025617731,0.712593150790629,-0.527864006595869,0.01,180,0,1,0.97948932623213,1
3.5,-0.135381753503395,0.712593150790629,-0.542803152182664,0.01,180,0,1,0.979190916118639,1
3.51,-0.143175322962878,0.712593150790629,-0.557807014386573,0.01,180,0,1,0.978100203899146,1
3.52,-0.15100304252285,0.712593150790629,-0.57287631114152,0.01,180,0,1,0.975996444040542,1
3.53,-0.158865216835433,0.712593150790629,-0.587899348932158,0.01,180,0,1,0.974248203016864,1
3.54,-0.166762313674559,0.712593150790629,-0.602755643068133,0.01,180,0,1,0.974384473988652,1
3.55,-0.174694715549114,0.712593150790629,-0.617677926497359,0.01,180,0,1,0.973671043773116,1
3.56,-0.18266272182736,0.712593150790629,-0.632666922005196,0.01,180,0,1,0.971241794670907,1
3.57,-0.190666552102319,0.712593150790629,-0.647723195275232,0.01,180,0,1,0.966570947693989,1
3.58,-0.198706349545717,0.712593150790629,-0.662847161248476,0.01,180,0,1,0.957613149363122,1
3.59,-0.206782249350212,0.712593150790629,-0.678039090460936,0.01,180,0,1,0.938401291525729,1
3.6,-0.21489455432568,0.712593150790629,-0.692907540988148,0.01,180,0,1,0.918028929011806,1
3.61,-0.223043660013626,0.712593150790629,-0.707758868801585,0.01,180,0,1,0.905932766661838,1
3.62,-0.231229863932668,0.712593150790629,-0.722677568274056,0.01,180,0,1,0.962152096965493,1
3.63,-0.23945338328969,0.712593150790629,-0.737664184077703,0.01,180,0,1,1.02156922019383,1
3.64,-0.247714358375943,0.712593150790629,-0.752719113856674,0.01,180,0,1,1.0725343752293,1
3.65,-0.256012886687717,0.712593150790629,-0.767842614444435,0.01,180,0,1,1.0625684976011,1
3.66,-0.264349087906888,0.712593150790629,-0.782849585543587,0.01,180,0,1,1.03588045176284,1
3.67,-0.272723255621304,0.712593150790629,-0.797757882413717,0.01,180,0,1,1.02026325255387,1
3.68,-0.281135576304389,0.712593150790629,-0.812734077810692,0.01,180,0,1,1.01380448353635,1
3.69,-0.28958616104183,0.712593150790629,-0.827778505219879,0.01,180,0,1,1.0107103771446,1
3.7,-0.298075057938616,0.712593150790629,-0.842891363304718,0.01,180,0,1,1.00960023358124,1
3.71,-0.306602294634515,0.712593150790629,-0.858018153669373,0.01,180,0,1,1.0092302522532,1
3.72,-0.315168000533898,0.712593150790629,-0.873026197847166,0.01,180,0,1,1.00729227876259,1
3.73,-0.323772475772302,0.712593150790629,-0.887858623521003,0.01,180,0,1,1.00361266469975,1
3.74,-0.332415943808652,0.712593150790629,-0.902758182405601,0.01,180,0,1,1.00129302482736,1
3.75,-0.341098551665908,0.712593150790629,-0.91772526144372,0.01,180,0,1,1.00019320515989,1
3.76,-0.349820373284188,0.712593150790629,-0.932760115221166,0.01,180,0,1,0.999912399703539,1
3.77,-0.358581425841164,0.712593150790629,-0.947862871773072,0.01,180,0,1,1.00026748893235,1
3.78,-0.367381731480373,0.712593150790629,-0.962954751047023,0.01,180,0,1,1.00054046318625,1
3.79,-0.376221490214493,0.712593150790629,-0.977834899202338,0.01,180,0,1,0.999265141503953,1
3.8,-0.385100847122436,0.712593150790629,-0.992781757301773,0.01,180,0,1,0.998618738529459,1
3.81,-0.394019884629781,0.712593150790629,-1.00779557065451,0.01,180,0,1,0.998519122406576,1
3.82,-0.402978646778558,0.712593150790629,-1.02281895610651,0.01,180,0,1,0.998527568204399,1
3.83,-0.411977219080789,0.712593150790629,-1.03783479324675,0.01,180,0,1,0.998530294835783,1
3.84,-0.421015684586433,0.712593150790629,-1.05283313683209,0.01,180,0,1,0.998476034709969,1
3.85,-0.430094304998409,0.712593150790629,-1.06762146627687,0.01,180,0,1,0.997365633808292,1
3.86,-0.439213282947792,0.712593150790629,-1.08247549536759,0.01,180,0,1,0.996726413965099,1
3.87,-0.448372747063928,0.712593150790629,-1.09739555564008,0.01,180,0,1,0.996497950751492,1
3.88,-0.457572755255929,0.712593150790629,-1.11238185755188,0.01,180,0,1,0.996630354148347,1
3.89,-0.466813318874351,0.712593150790629,-1.12743449585127,0.01,180,0,1,0.997081864611088,1
3.9,-0.476094464242785,0.712593150790629,-1.14242716337226,0.01,180,0,1,0.997287299991366,1
3.91,-0.485416408072883,0.712593150790629,-1.15724899511742,0.01,180,0,1,0.99682967412781,1
3.92,-0.494779306686729,0.712593150790629,-1.17213598131392,0.01,180,0,1,0.996699542355929,1
3.93,-0.504183302534235,0.712593150790629,-1.18699101192072,0.01,180,0,1,0.996500363048654,1
3.94,-0.513628530862747,0.712593150790629,-1.20187466348619,0.01,180,0,1,0.996458739498166,1
3.95,-0.523115084682641,0.712593150790629,-1.21682357346844,0.01,180,0,1,0.99668712683599,1
3.96,-0.532643095158926,0.712593150790629,-1.23163453988622,0.01,180,0,1,0.996478293844127,1
3.97,-0.542212866407252,0.712593150790629,-1.24634859310789,0.01,180,0,1,0.996008899832028,1
3.98,-0.55182459909033,0.712593150790629,-1.26112713725596,0.01,180,0,1,0.995811356686438,1
3.99,-0.561478421162353,0.712593150790629,-1.27597048221273,0.01,180,0,1,0.995862439372608,1
4,-0.571167891102105,0.712593150790629,-1.29087882557716,0.01,180,0,1,0.996170903404086,1
4.01,-0.580861645989901,0.712593150790629,-1.30584221974408,0.01,180,0,1,0.996823121612426,1
4.02,-0.590523647452579,0.712593150790629,-1.32050047124334,0.01,180,0,1,0.996938598422956,1
4.03,-0.600119748614439,0.712593150790629,-1.33502474658999,0.01,180,0,1,0.9971600400381,1
4.04,-0.609617590971717,0.712593150790629,-1.34935013804567,0.01,180,0,1,0.997430283814583,1
4.05,-0.618986489489588,0.712593150790629,-1.36352884536205,0.01,180,0,1,0.997990005916138,1
4.06,-0.628197395357391,0.712593150790629,-1.37751506085866,0.01,180,0,1,0.998803299705535,1
4.07,-0.637222915597331,0.712593150790629,-1.39125371852655,0.01,180,0,1,0.999803596305419,1
4.08,-0.646037434100999,0.712593150790629,-1.4043944716526,0.01,180,0,1,1.00022858494192,1
4.09,-0.654616891158789,0.712593150790629,-1.41722801570351,0.01,180,0,1,1.0008650933714,1
4.1,-0.662938694811404,0.712593150790629,-1.42971932081997,0.01,180,0,1,1.00168471433334,1
4.11,-0.670981683797876,0.712593150790629,-1.44183549412138,0.01,180,0,1,1.00266151290433,1
4.12,-0.678726090216157,0.712593150790629,-1.45354572575977,0.01,180,0,1,1.00377185135898,1
4.13,-0.686153517453718,0.712593150790629,-1.46482123455538,0.01,180,0,1,1.00499417647647,1
4.14,-0.693246947438667,0.712593150790629,-1.4755481257134,0.01,180,0,1,1.00612091025979,1
4.15,-0.699990836711871,0.712593150790629,-1.48558604993519,0.01,180,0,1,1.00689572637484,1
4.16,-0.706370922863942,0.712593150790629,-1.49507104425705,0.01,180,0,1,1.00765154398215,1
4.17,-0.712374114050083,0.712593150790629,-1.50404436491428,0.01,180,0,1,1.00850375059707,1
4.18,-0.717988452741572,0.712593150790629,-1.51248759878228,0.01,180,0,1,1.00943727261587,1
4.19,-0.723203078693726,0.712593150790629,-1.52038392810391,0.01,180,0,0,0.985714124441597,1
4.2,-0.728008202760515,0.712593150790629,-1.52771807840547,0.01,180,0,0,0.987074132386044,1
4.21,-0.732395092629554,0.712593150790629,-1.53441993468841,0.01,180,0,0,0.988362106794695,1
4.22,-0.736356108965737,0.712593150790629,-1.54043465970927,0.01,180,0,0,0.989485562026969,1
4.23,-0.739884542515003,0.712593150790629,-1.54586548308905,0.01,180,0,0,0.990642410335114,1
4.24,-0.74297457910649,0.712593150790629,-1.55070320598313,0.01,180,0,0,0.991820231659371,1
4.25,-0.745621265258045,0.712593150790629,-1.55493985676695,0.01,180,0,0,0.993008563031524,1
4.26,-0.747820474250486,0.712593150790629,-1.55856864387886,0.01,180,0,0,0.994198814532307,1
4.27,-0.749568872693934,0.712593150790629,-1.56158390930558,0.01,180,0,0,0.995384200107807,1
4.28,-0.750863887607762,0.712593150790629,-1.56398108274239,0.01,180,0,0,0.99655968277659,1
4.29,-0.751703674034042,0.712593150790629,-1.56575663645746,0.01,180,0,0,0.997721933977513,1
4.3,-0.752087083202668,0.712593150790629,-1.56690804088773,0.01,180,0,0,0.998869307041161,1
4.31,-0.752013631264792,-0.75205035723373,-1.56743372099109,0.01,180,0,0,1.00000182500341,1
4.32,-0.751483648249732,-0.75205035723373,-1.56721341453716,0.01,180,1,1,0.953741644294675,1
4.33,-0.750498726201685,-0.75205035723373,-1.56562382164057,0.01,180,1,1,0.95605447589245,1
4.34,-0.749061712944889,-0.75205035723373,-1.56266971736405,0.01,180,1,1,0.958399539537922,1
4.35,-0.747176645533346,-0.75205035723373,-1.55835964326657,0.01,180,1,1,0.960765533669466,1
4.36,-0.74484868239715,-0.75205035723373,-1.55270570779724,0.01,180,1,1,0.963139701709174,1
4.37,-0.74208403540342,-0.75205035723373,-1.54572338277988,0.01,180,1,1,0.965507930489093,1
4.38,-0.738889902034733,-0.75205035723373,-1.53743129964147,0.01,180,1,1,0.967854866021845,1
4.39,-0.73527439787805,-0.75205035723373,-1.52785104599303,0.01,180,1,1,0.970164043936496,1
4.4,-0.731246489607155,-0.75205035723373,-1.51700696314177,0.01,180,1,1,0.972418031852303,1
4.41,-0.726815928631503,-0.75205035723373,-1.50492594508345,0.01,180,1,1,0.974598580970402,1
4.42,-0.721993185574339,-0.75205035723373,-1.49163723949346,0.01,180,1,1,0.976686784222125,1
4.43,-0.716789385732792,-0.75205035723373,-1.47717225120531,0.01,180,1,1,0.978663238415215,1
4.44,-0.711216245662619,-0.75205035723373,-1.46156434863416,0.01,180,1,1,0.980508207958276,1
4.45,-0.705285996372318,-0.75205035723373,-1.44484867357377,0.01,180,1,1,0.982201862078957,1
4.46,-0.699011259119,-0.75205035723373,-1.42716021966535,0.01,180,1,1,0.983892158716296,1
4.47,-0.69240480965413,-0.75205035723373,-1.40871070911125,0.01,180,1,1,0.985859536452289,1
4.48,-0.685479764731562,-0.75205035723373,-1.38928587039586,0.01,180,1,1,0.987655905384404,1
4.49,-0.678249537328173,-0.75205035723373,-1.36892427050274,0.01,180,1,1,0.989260941829167,1
4.5,-0.670727764630281,-0.75205035723373,-1.34766534739536,0.01,180,1,1,0.99065484299776,1
4.51,-0.662928204489352,-0.75205035723373,-1.3256696015784,0.01,180,1,1,0.992027611887368,1
4.52,-0.654864627061814,-0.75205035723373,-1.30290068634377,0.01,180,1,1,0.993229668500454,1
4.53,-0.646550670279184,-0.75205035723373,-1.27974874751085,0.01,180,1,1,0.994856823526085,1
4.54,-0.63799986342713,-0.75205035723373,-1.25596117894126,0.01,180,1,1,0.996386832335501,1
4.55,-0.629225772839145,-0.75205035723373,-1.23149594419966,0.01,180,1,1,0.997660687250979,1
4.56,-0.620241949132089,-0.75205035723373,-1.20639185874981,0.01,180,1,1,0.998660983976134,1
4.57,-0.611061845483485,-0.75205035723373,-1.18068769308766,0.01,180,1,1,0.999371426025234,1
4.58,-0.601698689672829,-0.75205035723373,-1.15469515926722,0.01,180,1,1,1.0002639268622,1
4.59,-0.592165193609493,-0.75205035723373,-1.12844081044994,0.01,180,1,1,1.00131792407452,1
4.6,-0.582473886198346,-0.75205035723373,-1.10185930223324,0.01,180,1,1,1.00234025242938,1
4.61,-0.572637052973718,-0.75205035723373,-1.07488313094044,0.01,180,1,1,1.00313469907139,1
4.62,-0.562666736443965,-0.75205035723373,-1.04750188228238,0.01,180,1,1,1.00360749830148,1
4.63,-0.552574535875493,-0.75205035723373,-1.02015325068875,0.01,180,1,1,1.00449226036166,1
4.64,-0.54237156112228,-0.75205035723373,-0.992628574086822,0.01,180,1,1,1.00534512044078,1
4.65,-0.5320687188551,-0.75205035723373,-0.964801780658131,0.01,180,1,1,1.00586713840216,1
4.66,-0.521676650599175,-0.75205035723373,-0.936702616401457,0.01,180,1,1,1.00604696715336,1
4.67,-0.511205587671194,-0.75205035723373,-0.908464880381241,0.01,180,1,1,1.00607323730581,1
4.68,-0.500664969011712,-0.75205035723373,-0.88068543867511,0.01,180,1,1,1.00702880135157,1
4.69,-0.490063882793127,-0.75205035723373,-0.852730463234923,0.01,180,1,1,1.00766506753592,1
4.7,-0.47941114693387,-0.75205035723373,-0.824615120629929,0.01,180,1,1,1.00795514797821,1
4.71,-0.468715222814193,-0.75205035723373,-0.796362797029505,0.01,180,1,1,1.00789013445955,1
4.72,-0.457984014561696,-0.75205035723373,-0.768445468968684,0.01,180,1,1,1.00835009128444,1
4.73,-0.447224899279631,-0.75205035723373,-0.740568571457876,0.01,180,1,1,1.008722727671,1
4.74,-0.436444982353667,-0.75205035723373,-0.712619178717752,0.01,180,1,1,1.00874094815319,1
4.75,-0.42565099761289,-0.75205035723373,-0.684714060272502,0.01,180,1,1,1.00859673949726,1
4.76,-0.414849112738697,-0.75205035723373,-0.657119823389117,0.01,180,1,1,1.00880033501872,1
4.77,-0.404044825740992,-0.75205035723373,-0.629845980081618,0.01,180,1,1,1.00935453408791,1
4.78,-0.393243403181507,-0.75205035723373,-0.60256607161595,0.01,180,1,1,1.00956035460503,1
4.79,-0.382449852802534,-0.75205035723373,-0.575293395613884,0.01,180,1,1,1.00941001480503,1
4.8,-0.371668829247411,-0.75205035723373,-0.548061963038887,0.01,180,1,1,1.00894222498013,1
4.81,-0.360904367024077,-0.75205035723373,-0.521407505489751,0.01,180,1,1,1.00928867842356,1
4.82,-0.350160156765323,-0.75205035723373,-0.494793993339991,0.01,180,1,1,1.00928568003564,1
4.83,-0.33943954414539,-0.75205035723373,-0.468422208708964,0.01,180,1,1,1.00935210939381,1
4.84,-0.328745559228973,-0.75205035723373,-0.442118827148672,0.01,180,1,1,1.00908781442896,1
4.85,-0.318080842340068,-0.75205035723373,-0.416219643259175,0.01,180,1,1,1.00923569749363,1
4.86,-0.307447508209226,-0.75205035723373,-0.390604460757066,0.01,180,1,1,1.00952754900851,1
4.87,-0.296847533110114,-0.75205035723373,-0.365064655321561,0.01,180,1,1,1.00947369633684,1
4.88,-0.286282712271432,-0.75205035723373,-0.339604973690067,0.01,180,1,1,1.00906546457436,1
4.89,-0.275754570297771,-0.75205035723373,-0.314287137811474,0.01,180,1,1,1.00843298181513,1
4.9,-0.265264081718692,-0.75205035723373,-0.289568948475714,0.01,180,1,1,1.00868808688696,1
4.91,-0.254811899862892,-0.75205035723373,-0.265096777001916,0.01,180,1,1,1.00899359038506,1
4.92,-0.244398545484431,-0.75205035723373,-0.240713967305084,0.01,180,1,1,1.00895780793246,1
4.93,-0.234024383381391,-0.75205035723373,-0.21642173419829,0.01,180,1,1,1.00857044135784,1
4.94,-0.223689546338132,-0.75205035723373,-0.192478014088629,0.01,180,1,1,1.00849422622452,1
4.95,-0.213393695303609,-0.75205035723373,-0.168884702241993,0.01,180,1,1,1.00875860988108,1
4.96,-0.203136461570806,-0.75205035723373,-0.145380391224097,0.01,180,1,1,1.00868055430528,1
4.97,-0.192917406541014,-0.75205035723373,-0.121964239316822,0.01,180,1,1,1.00824726317222,1
4.98,-0.182735931784033,-0.75205035723373,-0.0986422080150908,0.01,180,1,1,1.00746508733593,1
4.99,-0.172591035144368,-0.75205035723373,-0.0759645386274083,0.01,180,1,1,1.00790683653421,1
5,-0.162485111717197,-0.75205035723373,-0.0534824088364955,0.01,180,1,1,1.00832127630213,1
5.01,-0.152434606495216,-0.75205035723373,-0.0310866476753249,0.01,180,1,1,1.00827612495888,1
5.02,-0.142458647979264,-0.75205035723373,-0.00881369893168032,0.01,180,1,1,1.00773191495716,1
5.03,-0.13257522905807,-0.75205035723373,0.01329404667782,0.01,180,1,1,1.00667546770561,1
5.04,-0.122801020291156,-0.75205035723373,0.0347608484873068,0.01,180,1,1,1.00648892326652,1
5.05,-0.113151551895432,-0.75205035723373,0.055950682522641,0.01,180,1,1,1.00594585113034,1
5.06,-0.10364135414626,-0.75205035723373,0.0768700877359556,0.01,180,1,1,1.00491080375213,1
5.07,-0.0942839414757909,-0.75205035723373,0.0974243070923386,0.01,180,1,1,1.00358249435473,1
5.08,-0.0850916964027854,-0.75205035723373,0.117549254098693,0.01,180,1,1,1.00211451189606,1
5.09,-0.0760758721899068,-0.75205035723373,0.136978414396904,0.01,180,1,1,1.0013727012417,1
5.1,-0.0672466506015396,-0.75205035723373,0.155942146137894,0.01,180,1,1,1.00050924194399,1
5.11,-0.0586133658831254,-0.75205035723373,0.174513381083268,0.01,180,1,1,0.999193667830257,1
